唯一进程 ID,进程 ID,唯一线程 ID,线程 ID,线程名称,线程开始时间,线程结束时间,线程开始地址,生存时间,
0,14180,0,8976,"未知",0.00,"45,575.01","9,108,958","45,575.01",
0,14180,1,7972,"未知",0.01,"42,959.66","140,717,059,434,560","42,959.66",
0,14180,2,6336,"未知",0.01,"42,959.02","140,717,059,550,736","42,959.01",
0,14180,3,12828,"未知",0.01,"42,959.41","140,716,249,757,088","42,959.40",
0,14180,4,12120,"未知",0.01,"42,959.68","140,717,357,632,016","42,959.66",
0,14180,5,12384,"未知",0.01,"42,959.62","140,717,357,632,016","42,959.61",
0,14180,6,7640,"未知",0.01,"42,959.61","140,717,320,040,320","42,959.60",
0,14180,7,6164,"未知",0.02,"42,959.14","140,717,357,632,016","42,959.12",
0,14180,8,6892,"未知",0.02,"42,959.02","140,717,357,632,016","42,959.00",
0,14180,9,12776,"未知",0.02,"42,959.02","140,716,789,529,536","42,959.00",
0,14180,10,1912,"未知",0.02,"42,959.54","140,717,352,946,544","42,959.52",
0,14180,11,6960,"未知",0.02,"42,959.53","140,717,320,040,320","42,959.51",
0,14180,12,13032,"未知",0.03,"42,959.40","140,717,320,040,320","42,959.37",
0,14180,13,3828,"未知",0.03,"42,959.15","140,717,280,430,384","42,959.12",
0,14180,14,2124,"未知",0.03,"42,959.40","140,717,357,632,016","42,959.37",
0,14180,15,11816,"未知",0.03,"42,959.39","140,717,357,632,016","42,959.36",
0,14180,16,6676,"未知",0.03,"42,959.37","140,717,357,632,016","42,959.34",
0,14180,17,4812,"未知","21,946.26","42,959.37","140,717,357,632,016","21,013.11",
0,14180,18,7768,"未知","21,965.29","42,959.20","140,717,280,468,464","20,993.91",
0,14180,19,8368,"未知","22,220.42","42,959.32","140,717,357,632,016","20,738.90",
0,14180,20,2936,"未知","22,273.77","42,959.20","140,717,357,632,016","20,685.43",
0,14180,21,8744,"未知","22,529.91","42,959.32","140,717,357,632,016","20,429.41",
0,14180,22,7196,"未知","22,544.09","42,959.53","140,717,357,632,016","20,415.44",
0,14180,23,8464,"未知","22,560.14","42,959.30","140,717,357,632,016","20,399.16",
0,14180,24,7036,"未知","26,529.02","26,535.75","140,717,280,468,464",6.73,
0,14180,25,5068,"未知","29,020.04","42,959.50","140,717,357,632,016","13,939.46",
0,14180,26,6540,"未知","33,074.98","33,080.70","140,717,280,468,464",5.72,
0,14180,27,3596,"未知","39,324.79","42,959.49","140,716,984,379,584","3,634.69",
0,14180,28,12428,"未知","42,634.50","42,959.26","140,717,060,705,568",324.76,
0,14180,29,11312,"未知","42,637.50","42,959.45","140,717,058,856,496",321.95,
0,14180,30,12636,"未知","42,945.59","42,959.25","140,717,059,550,736",13.66,
0,14180,31,7764,"未知","42,945.67","42,959.31","140,717,058,842,512",13.64,
